{
  "id": "1650097",
  "name": "myicons",
  "font_family": "iconfont",
  "css_prefix_text": "icon-",
  "description": "login，register",
  "glyphs": [
    {
      "icon_id": "11759559",
      "name": "错",
      "font_class": "cuo",
      "unicode": "e69a",
      "unicode_decimal": 59034
    },
    {
      "icon_id": "6551588",
      "name": "展 开 (1)",
      "font_class": "zhankai",
      "unicode": "e6ce",
      "unicode_decimal": 59086
    },
    {
      "icon_id": "8069654",
      "name": "下  拉",
      "font_class": "xiala11",
      "unicode": "e69c",
      "unicode_decimal": 59036
    },
    {
      "icon_id": "11536476",
      "name": "展 开",
      "font_class": "bottom",
      "unicode": "e616",
      "unicode_decimal": 58902
    },
    {
      "icon_id": "12284543",
      "name": "展 开",
      "font_class": "zhankai1",
      "unicode": "e63b",
      "unicode_decimal": 58939
    },
    {
      "icon_id": "12702657",
      "name": "展 开",
      "font_class": "zhankai-copy",
      "unicode": "e617",
      "unicode_decimal": 58903
    },
    {
      "icon_id": "1227060",
      "name": "计算机",
      "font_class": "jisuanji",
      "unicode": "e673",
      "unicode_decimal": 58995
    },
    {
      "icon_id": "1914205",
      "name": "计算机",
      "font_class": "jisuanji1",
      "unicode": "e610",
      "unicode_decimal": 58896
    },
    {
      "icon_id": "5664928",
      "name": "下  拉",
      "font_class": "xiala",
      "unicode": "e63f",
      "unicode_decimal": 58943
    },
    {
      "icon_id": "6257391",
      "name": "女性",
      "font_class": "nvxing",
      "unicode": "e651",
      "unicode_decimal": 58961
    },
    {
      "icon_id": "6258111",
      "name": "女性",
      "font_class": "nvxing1",
      "unicode": "e611",
      "unicode_decimal": 58897
    },
    {
      "icon_id": "6279299",
      "name": "男性",
      "font_class": "nanxing",
      "unicode": "e626",
      "unicode_decimal": 58918
    },
    {
      "icon_id": "6283880",
      "name": "男性",
      "font_class": "nanxing1",
      "unicode": "e62e",
      "unicode_decimal": 58926
    },
    {
      "icon_id": "7944368",
      "name": "下  拉",
      "font_class": "xiala1",
      "unicode": "e6b8",
      "unicode_decimal": 59064
    },
    {
      "icon_id": "8687573",
      "name": "计算机",
      "font_class": "jisuanji2",
      "unicode": "e625",
      "unicode_decimal": 58917
    },
    {
      "icon_id": "10056912",
      "name": "上  拉",
      "font_class": "shangla",
      "unicode": "e613",
      "unicode_decimal": 58899
    },
    {
      "icon_id": "10816717",
      "name": "男性",
      "font_class": "icon_nanxing",
      "unicode": "e631",
      "unicode_decimal": 58929
    },
    {
      "icon_id": "10948437",
      "name": "上  拉",
      "font_class": "shangla1",
      "unicode": "e649",
      "unicode_decimal": 58953
    },
    {
      "icon_id": "11825174",
      "name": "上  拉",
      "font_class": "shangla2",
      "unicode": "e614",
      "unicode_decimal": 58900
    },
    {
      "icon_id": "6353118",
      "name": "相机",
      "font_class": "xiangji",
      "unicode": "e64d",
      "unicode_decimal": 58957
    },
    {
      "icon_id": "6554690",
      "name": "相机",
      "font_class": "xiangji1",
      "unicode": "e618",
      "unicode_decimal": 58904
    },
    {
      "icon_id": "9336788",
      "name": "相机",
      "font_class": "xiangji2",
      "unicode": "e656",
      "unicode_decimal": 58966
    },
    {
      "icon_id": "10595334",
      "name": "添加",
      "font_class": "add",
      "unicode": "e751",
      "unicode_decimal": 59217
    },
    {
      "icon_id": "12037510",
      "name": "添加",
      "font_class": "add1",
      "unicode": "e60b",
      "unicode_decimal": 58891
    },
    {
      "icon_id": "12904150",
      "name": "编辑",
      "font_class": "bianji",
      "unicode": "e60c",
      "unicode_decimal": 58892
    },
    {
      "icon_id": "13081825",
      "name": "编辑",
      "font_class": "bianji1",
      "unicode": "e60d",
      "unicode_decimal": 58893
    },
    {
      "icon_id": "13132442",
      "name": "添加",
      "font_class": "jia",
      "unicode": "e60f",
      "unicode_decimal": 58895
    },
    {
      "icon_id": "700847",
      "name": "手机",
      "font_class": "shouji",
      "unicode": "e64f",
      "unicode_decimal": 58959
    },
    {
      "icon_id": "1053853",
      "name": "手机",
      "font_class": "webicon205",
      "unicode": "e683",
      "unicode_decimal": 59011
    },
    {
      "icon_id": "1134344",
      "name": "邮箱",
      "font_class": "youxiang",
      "unicode": "e68b",
      "unicode_decimal": 59019
    },
    {
      "icon_id": "2570104",
      "name": "手机",
      "font_class": "shouji1",
      "unicode": "e642",
      "unicode_decimal": 58946
    },
    {
      "icon_id": "6196898",
      "name": "邮箱",
      "font_class": "youxiang1",
      "unicode": "e648",
      "unicode_decimal": 58952
    },
    {
      "icon_id": "6756286",
      "name": "邮箱",
      "font_class": "youxiang2",
      "unicode": "e609",
      "unicode_decimal": 58889
    },
    {
      "icon_id": "11760295",
      "name": "手机",
      "font_class": "shouji2",
      "unicode": "e6b7",
      "unicode_decimal": 59063
    },
    {
      "icon_id": "859518",
      "name": "用户",
      "font_class": "user",
      "unicode": "e627",
      "unicode_decimal": 58919
    },
    {
      "icon_id": "1110282",
      "name": "用户",
      "font_class": "yonghu",
      "unicode": "e645",
      "unicode_decimal": 58949
    },
    {
      "icon_id": "1115465",
      "name": "用户",
      "font_class": "yonghu3",
      "unicode": "e608",
      "unicode_decimal": 58888
    },
    {
      "icon_id": "6085807",
      "name": "用户",
      "font_class": "yonghu4",
      "unicode": "e669",
      "unicode_decimal": 58985
    },
    {
      "icon_id": "43396",
      "name": "用户",
      "font_class": "27",
      "unicode": "e600",
      "unicode_decimal": 58880
    },
    {
      "icon_id": "1036574",
      "name": "设置",
      "font_class": "shezhi",
      "unicode": "e607",
      "unicode_decimal": 58887
    },
    {
      "icon_id": "1916295",
      "name": "权限",
      "font_class": "permission",
      "unicode": "e717",
      "unicode_decimal": 59159
    },
    {
      "icon_id": "2237687",
      "name": "设置",
      "font_class": "shezhi1",
      "unicode": "e615",
      "unicode_decimal": 58901
    },
    {
      "icon_id": "4458294",
      "name": "电商网站",
      "font_class": "dianshang",
      "unicode": "e60a",
      "unicode_decimal": 58890
    },
    {
      "icon_id": "5789493",
      "name": "权限",
      "font_class": "quanxian",
      "unicode": "e659",
      "unicode_decimal": 58969
    },
    {
      "icon_id": "6680172",
      "name": "统计",
      "font_class": "tongji",
      "unicode": "e71d",
      "unicode_decimal": 59165
    },
    {
      "icon_id": "7021719",
      "name": "用户",
      "font_class": "yonghu1",
      "unicode": "e601",
      "unicode_decimal": 58881
    },
    {
      "icon_id": "7472242",
      "name": "统计",
      "font_class": "tongji1",
      "unicode": "e61e",
      "unicode_decimal": 58910
    },
    {
      "icon_id": "7817446",
      "name": "设置",
      "font_class": "yixianshi-",
      "unicode": "e612",
      "unicode_decimal": 58898
    },
    {
      "icon_id": "7982297",
      "name": "密码",
      "font_class": "mima5",
      "unicode": "e640",
      "unicode_decimal": 58944
    },
    {
      "icon_id": "9894307",
      "name": "设 置",
      "font_class": "shezhi2",
      "unicode": "e602",
      "unicode_decimal": 58882
    },
    {
      "icon_id": "9900881",
      "name": "电商",
      "font_class": "dianshang1",
      "unicode": "e686",
      "unicode_decimal": 59014
    },
    {
      "icon_id": "9901677",
      "name": "订单",
      "font_class": "order",
      "unicode": "e604",
      "unicode_decimal": 58884
    },
    {
      "icon_id": "10090358",
      "name": "用户",
      "font_class": "yonghu2",
      "unicode": "e666",
      "unicode_decimal": 58982
    },
    {
      "icon_id": "11177567",
      "name": "设置",
      "font_class": "ziyuan",
      "unicode": "e605",
      "unicode_decimal": 58885
    },
    {
      "icon_id": "12730467",
      "name": "权限",
      "font_class": "quanxian1",
      "unicode": "e685",
      "unicode_decimal": 59013
    },
    {
      "icon_id": "12936293",
      "name": "密码 (1)",
      "font_class": "mima6",
      "unicode": "e60e",
      "unicode_decimal": 58894
    },
    {
      "icon_id": "13016965",
      "name": "统计",
      "font_class": "ziyuan1",
      "unicode": "e671",
      "unicode_decimal": 58993
    },
    {
      "icon_id": "13040165",
      "name": "密码",
      "font_class": "mima7",
      "unicode": "e774",
      "unicode_decimal": 59252
    },
    {
      "icon_id": "13057892",
      "name": "用户",
      "font_class": "min7",
      "unicode": "e606",
      "unicode_decimal": 58886
    },
    {
      "icon_id": "1038050",
      "name": "密码",
      "font_class": "mima",
      "unicode": "e62f",
      "unicode_decimal": 58927
    },
    {
      "icon_id": "1613371",
      "name": "密码",
      "font_class": "mima1",
      "unicode": "e603",
      "unicode_decimal": 58883
    },
    {
      "icon_id": "9447888",
      "name": "密码",
      "font_class": "mima4",
      "unicode": "e668",
      "unicode_decimal": 58984
    }
  ]
}
